[
  {
    "id": "cedb54ea-400a-4521-b44d-0f2e8d8ac7b6",
    "data": [
      {
        "text": "Where do I submit my application?",
        "userDefined": false
      }
    ],
    "isTemplate": false,
    "count": 0,
    "lang": "en",
    "updated": 0
  },
  {
    "id": "b5671406-0ef6-4aa8-a2c0-3e74ed6b093e",
    "data": [
      {
        "text": "What is the application process?",
        "userDefined": false
      }
    ],
    "isTemplate": false,
    "count": 0,
    "lang": "en",
    "updated": 0
  },
  {
    "id": "a5dfb5cb-3956-4155-b9ad-ca0c78ec1d00",
    "data": [
      {
        "text": "How can I apply for an internship?",
        "userDefined": false
      }
    ],
    "isTemplate": false,
    "count": 0,
    "lang": "en",
    "updated": 0
  }
]