[
  {
    "id": "3544c56c-bd68-465c-9662-7796032e40b8",
    "data": [
      {
        "text": "Where is your office located?",
        "userDefined": false
      }
    ],
    "isTemplate": false,
    "count": 0,
    "lang": "en",
    "updated": 0
  },
  {
    "id": "08038c9b-f444-4f5c-a481-b5cd8a295390",
    "data": [
      {
        "text": "What does your company do?",
        "userDefined": false
      }
    ],
    "isTemplate": false,
    "count": 0,
    "lang": "en",
    "updated": 0
  },
  {
    "id": "f5c55998-5eef-4507-82bf-b37c298ee859",
    "data": [
      {
        "text": "Tell me about the organization.",
        "userDefined": false
      }
    ],
    "isTemplate": false,
    "count": 0,
    "lang": "en",
    "updated": 0
  }
]