[
  {
    "id": "4069e4c3-f7ff-420f-93fa-e364478d03d7",
    "data": [
      {
        "text": "Is it a ",
        "userDefined": false
      },
      {
        "text": "3-month",
        "meta": "@sys.duration",
        "alias": "duration",
        "userDefined": false
      },
      {
        "text": " internship?",
        "userDefined": false
      }
    ],
    "isTemplate": false,
    "count": 0,
    "lang": "en",
    "updated": 0
  },
  {
    "id": "417e2afe-cc9a-4a6a-a87f-3a81b8ddff75",
    "data": [
      {
        "text": "What\u0027s the internship duration?",
        "userDefined": false
      }
    ],
    "isTemplate": false,
    "count": 0,
    "lang": "en",
    "updated": 0
  },
  {
    "id": "a67ef2ac-1d80-44af-ae22-62bbcedc8be2",
    "data": [
      {
        "text": "How long is the internship?",
        "userDefined": false
      }
    ],
    "isTemplate": false,
    "count": 0,
    "lang": "en",
    "updated": 0
  }
]