[
  {
    "id": "95bae944-08aa-405c-a1e7-f7a997823221",
    "data": [
      {
        "text": "Is a resume mandatory?",
        "userDefined": false
      }
    ],
    "isTemplate": false,
    "count": 0,
    "lang": "en",
    "updated": 0
  },
  {
    "id": "cf07fd87-b560-412b-b644-ed4a8836320b",
    "data": [
      {
        "text": "Do I need to submit my marksheets?",
        "userDefined": false
      }
    ],
    "isTemplate": false,
    "count": 0,
    "lang": "en",
    "updated": 0
  },
  {
    "id": "51b5ab71-b26c-44e3-9fad-c93ece86c15f",
    "data": [
      {
        "text": "What documents are needed?",
        "userDefined": false
      }
    ],
    "isTemplate": false,
    "count": 0,
    "lang": "en",
    "updated": 0
  }
]