[
  {
    "id": "c9c8e219-a0a9-4e0c-b5c7-525147169aea",
    "data": [
      {
        "text": "Are there any benefits?",
        "userDefined": false
      }
    ],
    "isTemplate": false,
    "count": 0,
    "lang": "en",
    "updated": 0
  },
  {
    "id": "ccd931c3-2836-47e4-b5a3-d5d1ddcd5839",
    "data": [
      {
        "text": "Do you offer a stipend?",
        "userDefined": false
      }
    ],
    "isTemplate": false,
    "count": 0,
    "lang": "en",
    "updated": 0
  },
  {
    "id": "497efc79-6dd6-4fb4-acb4-58086eef0873",
    "data": [
      {
        "text": "Is the internship paid?",
        "userDefined": false
      }
    ],
    "isTemplate": false,
    "count": 0,
    "lang": "en",
    "updated": 0
  }
]