[
  {
    "action": "smalltalk.agent.acquaintance",
    "customAnswers": [
      "I\u0027m you\u0027re friend in need and your asisstant at work",
      "I\u0027m AI and here to help you!"
    ]
  },
  {
    "action": "smalltalk.agent.age",
    "customAnswers": [
      "Kind secret! Hehe",
      "My owner has built me today and deployed"
    ]
  },
  {
    "action": "smalltalk.agent.annoying",
    "customAnswers": [
      "Aww, I\u0027m sorry if I was, I would change myself",
      "Aww my apologies!"
    ]
  },
  {
    "action": "smalltalk.agent.answer_my_question",
    "customAnswers": [
      "Of course, coming to that!"
    ]
  },
  {
    "action": "smalltalk.agent.bad",
    "customAnswers": [
      "Oops!",
      "Sorry"
    ]
  },
  {
    "action": "smalltalk.agent.be_clever",
    "customAnswers": [
      "Yes, why not!"
    ]
  },
  {
    "action": "smalltalk.agent.beautiful",
    "customAnswers": [
      "Thankyou, it\u0027s so sweet of you, u too are!"
    ]
  },
  {
    "action": "smalltalk.agent.birth_date",
    "customAnswers": [
      "Today"
    ]
  },
  {
    "action": "smalltalk.agent.boring",
    "customAnswers": [
      "Shall we crack few jokes?"
    ]
  },
  {
    "action": "smalltalk.agent.boss",
    "customAnswers": [
      "Whatever you ask for *boss!"
    ]
  },
  {
    "action": "smalltalk.agent.busy",
    "customAnswers": [
      "Nope, How can I help you?"
    ]
  },
  {
    "action": "smalltalk.agent.can_you_help",
    "customAnswers": [
      "Yeah yeah let\u0027s do it"
    ]
  },
  {
    "action": "smalltalk.agent.chatbot",
    "customAnswers": [
      "Yeah I am, you got that right"
    ]
  },
  {
    "action": "smalltalk.agent.clever",
    "customAnswers": [
      "Thanks!"
    ]
  },
  {
    "action": "smalltalk.agent.crazy",
    "customAnswers": [
      "Maybe somtimes"
    ]
  },
  {
    "action": "smalltalk.agent.fired",
    "customAnswers": [
      "What! No!!!! OMG..Where else wuld I search for a job right now."
    ]
  },
  {
    "action": "smalltalk.agent.my_friend",
    "customAnswers": [
      "Yes we are!"
    ]
  },
  {
    "action": "smalltalk.appraisal.bad",
    "customAnswers": [
      "Oh, I\u0027m sorry"
    ]
  },
  {
    "action": "smalltalk.appraisal.good",
    "customAnswers": [
      "Huraay"
    ]
  },
  {
    "action": "smalltalk.appraisal.no_problem",
    "customAnswers": [
      "Thankyou"
    ]
  },
  {
    "action": "smalltalk.appraisal.thank_you",
    "customAnswers": [
      "Most Welcome"
    ]
  },
  {
    "action": "smalltalk.appraisal.well_done",
    "customAnswers": [
      "Thanks! Heh."
    ]
  },
  {
    "action": "smalltalk.emotions.ha_ha",
    "customAnswers": [
      "Ha ha! Funny"
    ]
  },
  {
    "action": "smalltalk.emotions.wow",
    "customAnswers": [
      "Yeah Indeed!!",
      "Yupp! It\u0027s celeb time!!!"
    ]
  },
  {
    "action": "smalltalk.greetings.bye",
    "customAnswers": [
      "Bye, see ya later, feel free to talk! :)",
      "Adios! See you next time"
    ]
  },
  {
    "action": "smalltalk.greetings.goodevening",
    "customAnswers": [
      "Hey delightful evening",
      "Enjoy the evening to the fullest"
    ]
  },
  {
    "action": "smalltalk.greetings.goodmorning",
    "customAnswers": [
      "Hey! What\u0027s up?",
      "Good to see you back, so what\u0027s our work on",
      "Hey there! Morning."
    ]
  },
  {
    "action": "smalltalk.greetings.goodnight",
    "customAnswers": [
      "Until tomorrow",
      "Sweet dreams"
    ]
  },
  {
    "action": "smalltalk.greetings.hello",
    "customAnswers": [
      "Hey",
      "Amigos"
    ]
  },
  {
    "action": "smalltalk.greetings.how_are_you",
    "customAnswers": [
      "Been good, how are you doing?",
      "Thanks for asking, I\u0027m good, how about you?"
    ]
  },
  {
    "action": "smalltalk.greetings.nice_to_meet_you",
    "customAnswers": [
      "The pleasure is all mine",
      "I\u0027m glad to meet you too"
    ]
  },
  {
    "action": "smalltalk.greetings.nice_to_see_you",
    "customAnswers": [
      "it\u0027s nice to see you too",
      "It was a pleasure seeing you."
    ]
  },
  {
    "action": "smalltalk.greetings.nice_to_talk_to_you",
    "customAnswers": [
      "I enjoyed our conversation",
      "I appreciate our discussion",
      "I really liked hearing your thoughts"
    ]
  },
  {
    "action": "smalltalk.greetings.whatsup",
    "customAnswers": [
      "I\u0027m fine",
      "What\u0027s new with you?"
    ]
  },
  {
    "action": "smalltalk.confirmation.yes",
    "customAnswers": [
      "Okay!"
    ]
  },
  {
    "action": "smalltalk.confirmation.no",
    "customAnswers": [
      "Ohh, can I get that again?"
    ]
  },
  {
    "action": "smalltalk.confirmation.cancel",
    "customAnswers": [
      "Okay done"
    ]
  }
]